App Name,App Stack,Source Platform,Source Title / Identifier,URL / File Path,Architectural Focus
order-matching-engine,Go,Confluence,ADR-001: In-Memory B-Tree Orderbook with Write-Ahead Journaling,${ATLASSIAN_BASE_URL}/wiki/spaces/APEX/pages/524290,B-Tree price indexing; doubly-linked list time priority; Disruptor ring buffer; NVMe WAL journaling
order-matching-engine,Go,Confluence,Runbook: Matching Engine Failover & Disaster Recovery Protocol,${ATLASSIAN_BASE_URL}/wiki/spaces/APEX/pages/524307,Active-standby promotion; snapshot replay; Kafka offset alignment; RTO < 30s
order-matching-engine,Go,Jira,APEX-28: Core Order Matching Engine Latency & Throughput Optimization,${ATLASSIAN_BASE_URL}/jira/projects/APEX,Sub-35µs P99 latency target; zero GC heap allocation under 250k orders/sec
order-matching-engine,Go,Jira,APEX-29: Implement Lock-Free Ring Buffer Ingestion Queue (Disruptor Pattern),${ATLASSIAN_BASE_URL}/jira/projects/APEX,65536-slot pre-allocated circular ring buffer in Go
order-matching-engine,Go,Jira,APEX-30: Implement Idempotency Middleware for Order Ingestion,${ATLASSIAN_BASE_URL}/jira/projects/APEX,Deduplication via X-Idempotency-Key header and Redis atomic tokens
order-matching-engine,Go,Jira,APEX-31: Fix Race Condition on Simultaneous Partial Fill and Order Cancellation,${ATLASSIAN_BASE_URL}/jira/projects/APEX,Concurrent packet cancellation vs partial execution fix
order-matching-engine,Go,Slack,Thread 5: Disruptor Ring Buffer Staging Merge,https://slack.com/archives/C0BT09B5SUS,Zero heap allocations under 250k order/sec stress test and sanitizer results
order-matching-engine,Go,Notion,Product Requirements Document (PRD v2.4) - Section 3.1 & 3.2,https://app.notion.com/p/Apex-Institutional-Trading-Platform-Product-Requirements-Document-3c9290fdbfcb8169947cf6df2b4bd772,Deterministic matching mechanics; FOK / IOC / Limit / Post-Only order types
order-matching-engine,Go,Local File,Space Overview & Architecture Specification,demo-codebase/sources-mock-data/confluence/space-overview.md,End-to-end data flow pipeline and microservices boundary
trade-settlement-system,Java / Spring Boot,Confluence,ADR-002: Event-Driven Double-Entry Trade Settlement via Kafka,${ATLASSIAN_BASE_URL}/wiki/spaces/APEX/pages/66031,Kafka consumer groups; double-entry accounting invariants; DLQ routing
trade-settlement-system,Java / Spring Boot,Confluence,ADR-003: High-Throughput TimescaleDB Range Partitioning & Compression,${ATLASSIAN_BASE_URL}/wiki/spaces/APEX/pages/589825,Hypertable 1-day range chunking; columnar compression after 7 days
trade-settlement-system,Java / Spring Boot,Jira,APEX-32: Real-Time Trade Settlement Ledger & Audit Log Overhaul,${ATLASSIAN_BASE_URL}/jira/projects/APEX,Event-sourced ledger migration; audit log cryptographic hashing
trade-settlement-system,Java / Spring Boot,Jira,APEX-33: Implement Double-Entry Ledger Validation Worker in Java Spring Boot,${ATLASSIAN_BASE_URL}/jira/projects/APEX,Credit/debit zero-sum parity checks and immutable ledger persistence
trade-settlement-system,Java / Spring Boot,Jira,APEX-34: Configure TimescaleDB Range Partitioning & Automated Columnar Compression,${ATLASSIAN_BASE_URL}/jira/projects/APEX,Hypertable configuration on trade_records with 87% compression ratio
trade-settlement-system,Java / Spring Boot,Slack,Thread 2: Kafka Partition Scaling (6 to 12 partitions),https://slack.com/archives/C0BT09B5SUS,Scaling settlement consumer threads while maintaining strict symbol order
trade-settlement-system,Java / Spring Boot,Slack,Thread 4: TimescaleDB Chunk Partitioning Migration,https://slack.com/archives/C0BT09B5SUS,Zero-downtime 1-day chunk switchover and disk usage metrics
trade-settlement-system,Java / Spring Boot,Local File,Trade Settlement AsyncAPI Specification,demo-codebase/sources-mock-data/file-uploads/trade_settlement_asyncapi.yaml,AsyncAPI 2.0 contract for trades.matched and settlement.completed
trade-settlement-system,Java / Spring Boot,Notion,Enterprise Data Dictionary - TradeExecution & LedgerEntry,https://app.notion.com/p/Enterprise-Data-Dictionary-Storage-Topology-3c9290fdbfcb8134a269cf2e94fff7d4,Schema definitions; WORM audit tables; sequence cryptographic hashes
market-data-gateway,TypeScript / Node.js / gRPC,Confluence,ADR-004: Market Data Gateway Streaming with Protocol Buffers and WebSockets,${ATLASSIAN_BASE_URL}/wiki/spaces/APEX/pages/98539,Protocol Buffers v3 binary framing; L2/L3 delta diffing; Redis Pub/Sub backplane
market-data-gateway,TypeScript / Node.js / gRPC,Jira,APEX-35: Market Data Gateway Low-Latency Streaming & Protobuf Broadcast,${ATLASSIAN_BASE_URL}/jira/projects/APEX,Binary serialization; 65% network bandwidth reduction; sub-500µs broadcast
market-data-gateway,TypeScript / Node.js / gRPC,Jira,APEX-36: Implement L2/L3 Order Book Snapshot & Incremental Delta Broadcaster,${ATLASSIAN_BASE_URL}/jira/projects/APEX,100ms incremental deltas; sequence numbering; gRPC resync unary RPC
market-data-gateway,TypeScript / Node.js / gRPC,Slack,Thread 1: gRPC + Protobuf vs JSON Micro-Benchmarking,https://slack.com/archives/C0BT09B5SUS,Performance testing showing 65% CPU reduction and 140µs latency drop
market-data-gateway,TypeScript / Node.js / gRPC,Local File,Market Gateway OpenAPI 3.0 Specification,demo-codebase/sources-mock-data/file-uploads/market_gateway_openapi.yaml,OpenAPI specification for trader REST & WebSocket market depth feeds
market-data-gateway,TypeScript / Node.js / gRPC,Notion,Enterprise Data Dictionary - MarketTick,https://app.notion.com/p/Enterprise-Data-Dictionary-Storage-Topology-3c9290fdbfcb8134a269cf2e94fff7d4,Continuous aggregates for 1-second; 1-minute; and 5-minute OHLCV candlestick bars
compliance-surveillance-monitor,Python / FastAPI,Confluence,ADR-005: Real-Time Anomaly & Market Abuse Surveillance Architecture,${ATLASSIAN_BASE_URL}/wiki/spaces/APEX/pages/98539,SEC Rule 15c3-5; cancel-to-fill ratio algorithms; automated kill-switch suspension
compliance-surveillance-monitor,Python / FastAPI,Jira,APEX-37: Regulatory Compliance & Trade Surveillance Monitoring Engine,${ATLASSIAN_BASE_URL}/jira/projects/APEX,Real-time pattern detection meeting MiFID II RTS 6 & RTS 25 compliance
compliance-surveillance-monitor,Python / FastAPI,Jira,APEX-38: Implement Real-Time Spoofing & Layering Detection Pipeline,${ATLASSIAN_BASE_URL}/jira/projects/APEX,Rolling 30s cancel-to-fill ratio calculation; risk scoring > 0.85 alerts
compliance-surveillance-monitor,Python / FastAPI,Slack,Thread 3: Spoofing Detector False Positive Calibration,https://slack.com/archives/C0BT09B5SUS,Window adjustment (15s to 30s) and volume-weighting during market open volatility
compliance-surveillance-monitor,Python / FastAPI,Notion,Security & Compliance Matrix - SEC Rule 15c3-5 & FinCEN,https://app.notion.com/p/Security-Compliance-Regulatory-Architecture-Matrix-3c9290fdbfcb819c9b42d501cd8edd49,Pre-trade risk controls; capital thresholds; AML transaction monitoring
compliance-surveillance-monitor,Python / FastAPI,Notion,Enterprise Data Dictionary - SurveillanceAlert,https://app.notion.com/p/Enterprise-Data-Dictionary-Storage-Topology-3c9290fdbfcb8134a269cf2e94fff7d4,Risk scoring schema; raw payload captures; 7-year regulatory retention
mini-auth-service,Go / Python,Confluence,ADR-006: Distributed API Key Authentication & HMAC Signatures,${ATLASSIAN_BASE_URL}/wiki/spaces/APEX/pages/66047,HMAC-SHA256 request signing; 5s replay tolerance; Redis sliding window rate limiter
mini-auth-service,Go / Python,Jira,APEX-39: Implement Distributed Token Bucket Rate Limiting in Mini Auth Service,${ATLASSIAN_BASE_URL}/jira/projects/APEX,Enforcing rate tiers (5k req/min Standard vs 50k req/min VIP Institutional)
mini-auth-service,Go / Python,Slack,Thread 1 (Reply by Marcus): mTLS & SPIFFE/SPIRE Attestation,https://slack.com/archives/C0BT09B5SUS,Inter-pod identity attestation and certificate rotation for gRPC endpoints
mini-auth-service,Go / Python,Notion,Security & Compliance Matrix - Threat Vector Defenses,https://app.notion.com/p/Security-Compliance-Regulatory-Architecture-Matrix-3c9290fdbfcb819c9b42d501cd8edd49,Replay attack defense; DDoS mitigations; API key scoped permissions
mini-auth-service,Go / Python,Notion,Enterprise Data Dictionary - ApiKey & Account,https://app.notion.com/p/Enterprise-Data-Dictionary-Storage-Topology-3c9290fdbfcb8134a269cf2e94fff7d4,In-memory hashed secrets; rate tiers; permission bitmasks
